--
-- PostgreSQL database cluster dump
--

SET default_transaction_read_only = off;

SET client_encoding = 'UTF8';
SET standard_conforming_strings = on;

--
-- Roles
--

CREATE ROLE postgres;
ALTER ROLE postgres WITH SUPERUSER INHERIT CREATEROLE CREATEDB LOGIN REPLICATION BYPASSRLS PASSWORD 'SCRAM-SHA-256$4096:SKUrDGTB3+szNEIe/LnJVg==$K1xiIr8YurH+PJVL/HjRurEac/rgNDqXlU8swVMCCKw=:EgUlL85uQTlOApkLQ9hVvli5Lt8JkpsFSI/s/AUkBqM=';

--
-- User Configurations
--

--
-- User Config "postgres"
--

ALTER ROLE postgres SET client_encoding TO 'utf8';








--
-- Databases
--

--
-- Database "template1" dump
--

\connect template1

--
-- PostgreSQL database dump
--

-- Dumped from database version 16.0 (Debian 16.0-1.pgdg120+1)
-- Dumped by pg_dump version 16.0 (Debian 16.0-1.pgdg120+1)

SET statement_timeout = 0;
SET lock_timeout = 0;
SET idle_in_transaction_session_timeout = 0;
SET client_encoding = 'UTF8';
SET standard_conforming_strings = on;
SELECT pg_catalog.set_config('search_path', '', false);
SET check_function_bodies = false;
SET xmloption = content;
SET client_min_messages = warning;
SET row_security = off;

--
-- PostgreSQL database dump complete
--

--
-- Database "postgres" dump
--

\connect postgres

--
-- PostgreSQL database dump
--

-- Dumped from database version 16.0 (Debian 16.0-1.pgdg120+1)
-- Dumped by pg_dump version 16.0 (Debian 16.0-1.pgdg120+1)

SET statement_timeout = 0;
SET lock_timeout = 0;
SET idle_in_transaction_session_timeout = 0;
SET client_encoding = 'UTF8';
SET standard_conforming_strings = on;
SELECT pg_catalog.set_config('search_path', '', false);
SET check_function_bodies = false;
SET xmloption = content;
SET client_min_messages = warning;
SET row_security = off;

--
-- PostgreSQL database dump complete
--

--
-- Database "stream_db" dump
--

--
-- PostgreSQL database dump
--

-- Dumped from database version 16.0 (Debian 16.0-1.pgdg120+1)
-- Dumped by pg_dump version 16.0 (Debian 16.0-1.pgdg120+1)

SET statement_timeout = 0;
SET lock_timeout = 0;
SET idle_in_transaction_session_timeout = 0;
SET client_encoding = 'UTF8';
SET standard_conforming_strings = on;
SELECT pg_catalog.set_config('search_path', '', false);
SET check_function_bodies = false;
SET xmloption = content;
SET client_min_messages = warning;
SET row_security = off;

--
-- Name: stream_db; Type: DATABASE; Schema: -; Owner: postgres
--

CREATE DATABASE stream_db WITH TEMPLATE = template0 ENCODING = 'UTF8' LOCALE_PROVIDER = libc LOCALE = 'en_US.utf8';


ALTER DATABASE stream_db OWNER TO postgres;

\connect stream_db

SET statement_timeout = 0;
SET lock_timeout = 0;
SET idle_in_transaction_session_timeout = 0;
SET client_encoding = 'UTF8';
SET standard_conforming_strings = on;
SELECT pg_catalog.set_config('search_path', '', false);
SET check_function_bodies = false;
SET xmloption = content;
SET client_min_messages = warning;
SET row_security = off;

SET default_tablespace = '';

SET default_table_access_method = heap;

--
-- Name: app_users_users; Type: TABLE; Schema: public; Owner: postgres
--

CREATE TABLE public.app_users_users (
    id bigint NOT NULL,
    password character varying(128) NOT NULL,
    last_login timestamp with time zone,
    is_superuser boolean NOT NULL,
    username character varying(150) NOT NULL,
    first_name character varying(150) NOT NULL,
    last_name character varying(150) NOT NULL,
    email character varying(254) NOT NULL,
    is_staff boolean NOT NULL,
    is_active boolean NOT NULL,
    date_joined timestamp with time zone NOT NULL,
    gender character varying(1) NOT NULL,
    dob date,
    image character varying(100),
    slug character varying(255),
    stream_id bigint
);


ALTER TABLE public.app_users_users OWNER TO postgres;

--
-- Name: app_users_users_groups; Type: TABLE; Schema: public; Owner: postgres
--

CREATE TABLE public.app_users_users_groups (
    id bigint NOT NULL,
    users_id bigint NOT NULL,
    group_id integer NOT NULL
);


ALTER TABLE public.app_users_users_groups OWNER TO postgres;

--
-- Name: app_users_users_groups_id_seq; Type: SEQUENCE; Schema: public; Owner: postgres
--

ALTER TABLE public.app_users_users_groups ALTER COLUMN id ADD GENERATED BY DEFAULT AS IDENTITY (
    SEQUENCE NAME public.app_users_users_groups_id_seq
    START WITH 1
    INCREMENT BY 1
    NO MINVALUE
    NO MAXVALUE
    CACHE 1
);


--
-- Name: app_users_users_id_seq; Type: SEQUENCE; Schema: public; Owner: postgres
--

ALTER TABLE public.app_users_users ALTER COLUMN id ADD GENERATED BY DEFAULT AS IDENTITY (
    SEQUENCE NAME public.app_users_users_id_seq
    START WITH 1
    INCREMENT BY 1
    NO MINVALUE
    NO MAXVALUE
    CACHE 1
);


--
-- Name: app_users_users_user_permissions; Type: TABLE; Schema: public; Owner: postgres
--

CREATE TABLE public.app_users_users_user_permissions (
    id bigint NOT NULL,
    users_id bigint NOT NULL,
    permission_id integer NOT NULL
);


ALTER TABLE public.app_users_users_user_permissions OWNER TO postgres;

--
-- Name: app_users_users_user_permissions_id_seq; Type: SEQUENCE; Schema: public; Owner: postgres
--

ALTER TABLE public.app_users_users_user_permissions ALTER COLUMN id ADD GENERATED BY DEFAULT AS IDENTITY (
    SEQUENCE NAME public.app_users_users_user_permissions_id_seq
    START WITH 1
    INCREMENT BY 1
    NO MINVALUE
    NO MAXVALUE
    CACHE 1
);


--
-- Name: auth_group; Type: TABLE; Schema: public; Owner: postgres
--

CREATE TABLE public.auth_group (
    id integer NOT NULL,
    name character varying(150) NOT NULL
);


ALTER TABLE public.auth_group OWNER TO postgres;

--
-- Name: auth_group_id_seq; Type: SEQUENCE; Schema: public; Owner: postgres
--

ALTER TABLE public.auth_group ALTER COLUMN id ADD GENERATED BY DEFAULT AS IDENTITY (
    SEQUENCE NAME public.auth_group_id_seq
    START WITH 1
    INCREMENT BY 1
    NO MINVALUE
    NO MAXVALUE
    CACHE 1
);


--
-- Name: auth_group_permissions; Type: TABLE; Schema: public; Owner: postgres
--

CREATE TABLE public.auth_group_permissions (
    id bigint NOT NULL,
    group_id integer NOT NULL,
    permission_id integer NOT NULL
);


ALTER TABLE public.auth_group_permissions OWNER TO postgres;

--
-- Name: auth_group_permissions_id_seq; Type: SEQUENCE; Schema: public; Owner: postgres
--

ALTER TABLE public.auth_group_permissions ALTER COLUMN id ADD GENERATED BY DEFAULT AS IDENTITY (
    SEQUENCE NAME public.auth_group_permissions_id_seq
    START WITH 1
    INCREMENT BY 1
    NO MINVALUE
    NO MAXVALUE
    CACHE 1
);


--
-- Name: auth_permission; Type: TABLE; Schema: public; Owner: postgres
--

CREATE TABLE public.auth_permission (
    id integer NOT NULL,
    name character varying(255) NOT NULL,
    content_type_id integer NOT NULL,
    codename character varying(100) NOT NULL
);


ALTER TABLE public.auth_permission OWNER TO postgres;

--
-- Name: auth_permission_id_seq; Type: SEQUENCE; Schema: public; Owner: postgres
--

ALTER TABLE public.auth_permission ALTER COLUMN id ADD GENERATED BY DEFAULT AS IDENTITY (
    SEQUENCE NAME public.auth_permission_id_seq
    START WITH 1
    INCREMENT BY 1
    NO MINVALUE
    NO MAXVALUE
    CACHE 1
);


--
-- Name: blog_blogs; Type: TABLE; Schema: public; Owner: postgres
--

CREATE TABLE public.blog_blogs (
    id bigint NOT NULL,
    title character varying(255),
    img character varying(100),
    content text,
    time_create timestamp with time zone,
    time_update timestamp with time zone,
    is_published boolean
);


ALTER TABLE public.blog_blogs OWNER TO postgres;

--
-- Name: blog_blogs_id_seq; Type: SEQUENCE; Schema: public; Owner: postgres
--

ALTER TABLE public.blog_blogs ALTER COLUMN id ADD GENERATED BY DEFAULT AS IDENTITY (
    SEQUENCE NAME public.blog_blogs_id_seq
    START WITH 1
    INCREMENT BY 1
    NO MINVALUE
    NO MAXVALUE
    CACHE 1
);


--
-- Name: django_admin_log; Type: TABLE; Schema: public; Owner: postgres
--

CREATE TABLE public.django_admin_log (
    id integer NOT NULL,
    action_time timestamp with time zone NOT NULL,
    object_id text,
    object_repr character varying(200) NOT NULL,
    action_flag smallint NOT NULL,
    change_message text NOT NULL,
    content_type_id integer,
    user_id bigint NOT NULL,
    CONSTRAINT django_admin_log_action_flag_check CHECK ((action_flag >= 0))
);


ALTER TABLE public.django_admin_log OWNER TO postgres;

--
-- Name: django_admin_log_id_seq; Type: SEQUENCE; Schema: public; Owner: postgres
--

ALTER TABLE public.django_admin_log ALTER COLUMN id ADD GENERATED BY DEFAULT AS IDENTITY (
    SEQUENCE NAME public.django_admin_log_id_seq
    START WITH 1
    INCREMENT BY 1
    NO MINVALUE
    NO MAXVALUE
    CACHE 1
);


--
-- Name: django_content_type; Type: TABLE; Schema: public; Owner: postgres
--

CREATE TABLE public.django_content_type (
    id integer NOT NULL,
    app_label character varying(100) NOT NULL,
    model character varying(100) NOT NULL
);


ALTER TABLE public.django_content_type OWNER TO postgres;

--
-- Name: django_content_type_id_seq; Type: SEQUENCE; Schema: public; Owner: postgres
--

ALTER TABLE public.django_content_type ALTER COLUMN id ADD GENERATED BY DEFAULT AS IDENTITY (
    SEQUENCE NAME public.django_content_type_id_seq
    START WITH 1
    INCREMENT BY 1
    NO MINVALUE
    NO MAXVALUE
    CACHE 1
);


--
-- Name: django_migrations; Type: TABLE; Schema: public; Owner: postgres
--

CREATE TABLE public.django_migrations (
    id bigint NOT NULL,
    app character varying(255) NOT NULL,
    name character varying(255) NOT NULL,
    applied timestamp with time zone NOT NULL
);


ALTER TABLE public.django_migrations OWNER TO postgres;

--
-- Name: django_migrations_id_seq; Type: SEQUENCE; Schema: public; Owner: postgres
--

ALTER TABLE public.django_migrations ALTER COLUMN id ADD GENERATED BY DEFAULT AS IDENTITY (
    SEQUENCE NAME public.django_migrations_id_seq
    START WITH 1
    INCREMENT BY 1
    NO MINVALUE
    NO MAXVALUE
    CACHE 1
);


--
-- Name: django_session; Type: TABLE; Schema: public; Owner: postgres
--

CREATE TABLE public.django_session (
    session_key character varying(40) NOT NULL,
    session_data text NOT NULL,
    expire_date timestamp with time zone NOT NULL
);


ALTER TABLE public.django_session OWNER TO postgres;

--
-- Name: menu_categories; Type: TABLE; Schema: public; Owner: postgres
--

CREATE TABLE public.menu_categories (
    id bigint NOT NULL,
    name character varying(100) NOT NULL,
    slug character varying(255) NOT NULL,
    img character varying(100)
);


ALTER TABLE public.menu_categories OWNER TO postgres;

--
-- Name: menu_categories_id_seq; Type: SEQUENCE; Schema: public; Owner: postgres
--

ALTER TABLE public.menu_categories ALTER COLUMN id ADD GENERATED BY DEFAULT AS IDENTITY (
    SEQUENCE NAME public.menu_categories_id_seq
    START WITH 1
    INCREMENT BY 1
    NO MINVALUE
    NO MAXVALUE
    CACHE 1
);


--
-- Name: menu_menu; Type: TABLE; Schema: public; Owner: postgres
--

CREATE TABLE public.menu_menu (
    id bigint NOT NULL,
    name character varying(100) NOT NULL,
    url character varying(200) NOT NULL
);


ALTER TABLE public.menu_menu OWNER TO postgres;

--
-- Name: menu_menu_id_seq; Type: SEQUENCE; Schema: public; Owner: postgres
--

ALTER TABLE public.menu_menu ALTER COLUMN id ADD GENERATED BY DEFAULT AS IDENTITY (
    SEQUENCE NAME public.menu_menu_id_seq
    START WITH 1
    INCREMENT BY 1
    NO MINVALUE
    NO MAXVALUE
    CACHE 1
);


--
-- Name: studio_studio; Type: TABLE; Schema: public; Owner: postgres
--

CREATE TABLE public.studio_studio (
    id bigint NOT NULL,
    stream_name character varying(255),
    stream_key character varying(255),
    cat_id bigint NOT NULL
);


ALTER TABLE public.studio_studio OWNER TO postgres;

--
-- Name: studio_studio_id_seq; Type: SEQUENCE; Schema: public; Owner: postgres
--

ALTER TABLE public.studio_studio ALTER COLUMN id ADD GENERATED BY DEFAULT AS IDENTITY (
    SEQUENCE NAME public.studio_studio_id_seq
    START WITH 1
    INCREMENT BY 1
    NO MINVALUE
    NO MAXVALUE
    CACHE 1
);


--
-- Data for Name: app_users_users; Type: TABLE DATA; Schema: public; Owner: postgres
--

COPY public.app_users_users (id, password, last_login, is_superuser, username, first_name, last_name, email, is_staff, is_active, date_joined, gender, dob, image, slug, stream_id) FROM stdin;
34	pbkdf2_sha256$390000$qq0p51uWGuUwW1w21LLnrn$ZyxvMZK8OZa6hcIcwEi2+MBmui8ocI6GS3AZnEqwSjg=	2023-11-13 05:08:33.120595+00	f	test2	test2	test2	test2@mail.ru	f	t	2023-11-08 11:03:51.077863+00	М	1990-12-12	/user_img/login_img.png	test2	4
32	pbkdf2_sha256$390000$4IBdj8G5bd91u0T0eLawDu$IHPzMz+zTFzz5I2Mc0x8UyVbcigDk1LIh5QD3+x2tEM=	2023-11-13 05:08:24.437163+00	f	test1	test	user	test@gmail.com	f	t	2023-10-29 12:21:59.867546+00	М	1990-12-12	user_img/images_juqOjWA.jpg	test1	2
3	pbkdf2_sha256$390000$SggCUupu8N4z32nqeLjzF5$CgbAwtcnwdZVGn7knuBH45Q3yGee4SxYJHAtf+qPZ0Q=	2023-11-08 11:03:05.965658+00	t	admin				t	t	2023-04-11 12:57:19.162621+00		\N	\N	\N	\N
\.


--
-- Data for Name: app_users_users_groups; Type: TABLE DATA; Schema: public; Owner: postgres
--

COPY public.app_users_users_groups (id, users_id, group_id) FROM stdin;
\.


--
-- Data for Name: app_users_users_user_permissions; Type: TABLE DATA; Schema: public; Owner: postgres
--

COPY public.app_users_users_user_permissions (id, users_id, permission_id) FROM stdin;
\.


--
-- Data for Name: auth_group; Type: TABLE DATA; Schema: public; Owner: postgres
--

COPY public.auth_group (id, name) FROM stdin;
\.


--
-- Data for Name: auth_group_permissions; Type: TABLE DATA; Schema: public; Owner: postgres
--

COPY public.auth_group_permissions (id, group_id, permission_id) FROM stdin;
\.


--
-- Data for Name: auth_permission; Type: TABLE DATA; Schema: public; Owner: postgres
--

COPY public.auth_permission (id, name, content_type_id, codename) FROM stdin;
1	Can add log entry	1	add_logentry
2	Can change log entry	1	change_logentry
3	Can delete log entry	1	delete_logentry
4	Can view log entry	1	view_logentry
5	Can add permission	2	add_permission
6	Can change permission	2	change_permission
7	Can delete permission	2	delete_permission
8	Can view permission	2	view_permission
9	Can add group	3	add_group
10	Can change group	3	change_group
11	Can delete group	3	delete_group
12	Can view group	3	view_group
13	Can add content type	4	add_contenttype
14	Can change content type	4	change_contenttype
15	Can delete content type	4	delete_contenttype
16	Can view content type	4	view_contenttype
17	Can add session	5	add_session
18	Can change session	5	change_session
19	Can delete session	5	delete_session
20	Can view session	5	view_session
21	Can add blogs	6	add_blogs
22	Can change blogs	6	change_blogs
23	Can delete blogs	6	delete_blogs
24	Can view blogs	6	view_blogs
25	Can add user	7	add_users
26	Can change user	7	change_users
27	Can delete user	7	delete_users
28	Can view user	7	view_users
29	Can add Категории	8	add_categories
30	Can change Категории	8	change_categories
31	Can delete Категории	8	delete_categories
32	Can view Категории	8	view_categories
33	Can add Меню	9	add_menu
34	Can change Меню	9	change_menu
35	Can delete Меню	9	delete_menu
36	Can view Меню	9	view_menu
37	Can add stream	10	add_stream
38	Can change stream	10	change_stream
39	Can delete stream	10	delete_stream
40	Can view stream	10	view_stream
41	Can add studio	11	add_studio
42	Can change studio	11	change_studio
43	Can delete studio	11	delete_studio
44	Can view studio	11	view_studio
\.


--
-- Data for Name: blog_blogs; Type: TABLE DATA; Schema: public; Owner: postgres
--

COPY public.blog_blogs (id, title, img, content, time_create, time_update, is_published) FROM stdin;
\.


--
-- Data for Name: django_admin_log; Type: TABLE DATA; Schema: public; Owner: postgres
--

COPY public.django_admin_log (id, action_time, object_id, object_repr, action_flag, change_message, content_type_id, user_id) FROM stdin;
1	2023-04-11 23:49:53.200343+00	1	Категории	1	[{"added": {}}]	9	3
2	2023-04-11 23:50:31.572599+00	2	Блог	1	[{"added": {}}]	9	3
3	2023-04-11 23:50:41.033444+00	3	О нас	1	[{"added": {}}]	9	3
4	2023-04-11 23:51:37.145027+00	1	Категории	3		9	3
5	2023-04-11 23:51:42.714737+00	2	Блог	3		9	3
6	2023-04-11 23:51:42.716941+00	3	О нас	3		9	3
7	2023-04-11 23:53:11.582657+00	4	Категории	1	[{"added": {}}]	9	3
8	2023-04-11 23:53:26.821938+00	5	Блог	1	[{"added": {}}]	9	3
9	2023-04-11 23:53:39.494816+00	6	О нас	1	[{"added": {}}]	9	3
10	2023-04-11 23:54:18.64114+00	1	Игры	1	[{"added": {}}]	8	3
11	2023-04-11 23:54:58.28731+00	2	Общение	1	[{"added": {}}]	8	3
12	2023-04-11 23:55:12.895895+00	3	Кино	1	[{"added": {}}]	8	3
13	2023-04-12 13:08:41.599389+00	5	taga1	3		7	3
14	2023-04-12 13:08:41.60302+00	4	taga	3		7	3
15	2023-04-12 13:10:14.180374+00	6	123	3		7	3
16	2023-04-14 01:08:48.511356+00	7	123	3		7	3
17	2023-07-11 00:57:11.497265+00	8	tagabenz	3		7	3
18	2023-07-11 01:00:29.760575+00	1	Stream object (1)	2	[{"changed": {"fields": ["\\u041e\\u043d-\\u043b\\u0430\\u0439\\u043d"]}}]	10	3
19	2023-07-14 05:21:22.951993+00	9	tagabenz	3		7	3
20	2023-07-14 06:01:43.083069+00	10	tagabenz	3		7	3
21	2023-07-14 06:09:22.452596+00	11	taga	3		7	3
22	2023-07-14 06:11:45.682016+00	12	tagabenz	3		7	3
23	2023-07-14 06:30:24.98218+00	13	123123	3		7	3
24	2023-07-14 06:36:20.016503+00	14	tagabenz	3		7	3
25	2023-07-14 06:37:38.77514+00	15	tagabenz	3		7	3
26	2023-07-14 06:40:56.038066+00	16	taga	3		7	3
27	2023-07-14 06:46:57.798787+00	17	taga	3		7	3
28	2023-07-14 06:51:55.142752+00	18	taga	3		7	3
29	2023-07-14 06:53:24.644736+00	19	taga	3		7	3
30	2023-07-14 06:58:10.495965+00	20	taga	3		7	3
31	2023-07-14 07:00:54.352058+00	22	taga2	3		7	3
32	2023-07-14 07:00:58.531448+00	21	taga	3		7	3
33	2023-07-17 22:24:37.531048+00	23	taga	3		7	3
34	2023-07-17 22:26:29.862645+00	24	tagabenz	2	[{"changed": {"fields": ["\\u041e\\u043d-\\u043b\\u0430\\u0439\\u043d"]}}]	7	3
35	2023-07-17 22:27:31.921523+00	24	tagabenz	2	[{"changed": {"fields": ["\\u041e\\u043d-\\u043b\\u0430\\u0439\\u043d"]}}]	7	3
36	2023-08-07 15:48:08.487253+00	27	taga4	3		7	3
37	2023-08-07 15:48:08.493498+00	26	taga3	3		7	3
38	2023-08-07 15:48:08.495933+00	25	taga2	3		7	3
39	2023-08-07 15:48:08.498008+00	24	tagabenz	3		7	3
40	2023-10-18 10:26:12.252172+00	29	test2	3		7	3
41	2023-10-18 10:26:12.259621+00	28	test1	3		7	3
42	2023-10-28 20:39:44.873143+00	30	tagabenz	3		7	3
43	2023-10-29 11:58:14.633231+00	1	Трансляция test1	1	[{"added": {}}]	11	3
44	2023-10-29 11:58:30.41411+00	31	test1	2	[{"changed": {"fields": ["\\u0422\\u0440\\u0430\\u043d\\u0441\\u043b\\u044f\\u0446\\u0438\\u044f"]}}]	7	3
45	2023-10-29 11:59:28.073206+00	1	Трансляция test1	3		11	3
46	2023-11-08 11:03:15.058136+00	33	test2	3		7	3
\.


--
-- Data for Name: django_content_type; Type: TABLE DATA; Schema: public; Owner: postgres
--

COPY public.django_content_type (id, app_label, model) FROM stdin;
1	admin	logentry
2	auth	permission
3	auth	group
4	contenttypes	contenttype
5	sessions	session
6	blog	blogs
7	app_users	users
8	menu	categories
9	menu	menu
10	studio	stream
11	studio	studio
\.


--
-- Data for Name: django_migrations; Type: TABLE DATA; Schema: public; Owner: postgres
--

COPY public.django_migrations (id, app, name, applied) FROM stdin;
1	contenttypes	0001_initial	2023-04-11 12:47:48.182028+00
2	contenttypes	0002_remove_content_type_name	2023-04-11 12:53:43.835016+00
3	auth	0001_initial	2023-04-11 12:53:43.8797+00
4	auth	0002_alter_permission_name_max_length	2023-04-11 12:53:43.885935+00
5	auth	0003_alter_user_email_max_length	2023-04-11 12:53:43.891444+00
6	auth	0004_alter_user_username_opts	2023-04-11 12:53:43.897534+00
7	auth	0005_alter_user_last_login_null	2023-04-11 12:53:43.905059+00
8	auth	0006_require_contenttypes_0002	2023-04-11 12:53:43.907962+00
9	auth	0007_alter_validators_add_error_messages	2023-04-11 12:53:43.914818+00
10	auth	0008_alter_user_username_max_length	2023-04-11 12:53:43.921234+00
11	auth	0009_alter_user_last_name_max_length	2023-04-11 12:53:43.926809+00
12	auth	0010_alter_group_name_max_length	2023-04-11 12:53:43.936001+00
13	auth	0011_update_proxy_permissions	2023-04-11 12:53:43.941624+00
14	auth	0012_alter_user_first_name_max_length	2023-04-11 12:53:43.947882+00
15	app_users	0001_initial	2023-04-11 12:53:43.996028+00
16	admin	0001_initial	2023-04-11 12:53:44.02469+00
17	admin	0002_logentry_remove_auto_add	2023-04-11 12:53:44.036327+00
18	admin	0003_logentry_add_action_flag_choices	2023-04-11 12:53:44.046314+00
19	blog	0001_initial	2023-04-11 12:53:44.061524+00
20	menu	0001_initial	2023-04-11 12:53:44.091969+00
21	sessions	0001_initial	2023-04-11 12:53:44.115768+00
22	app_users	0002_remove_users_dob	2023-04-11 12:57:00.686099+00
23	app_users	0003_users_dob	2023-04-11 12:58:01.754726+00
24	app_users	0004_users_image_alter_users_email_alter_users_gender	2023-07-11 00:55:32.616455+00
25	app_users	0005_alter_users_image	2023-07-11 00:55:32.627701+00
26	app_users	0006_alter_users_image	2023-07-11 00:55:32.638898+00
27	studio	0001_initial	2023-07-11 00:55:32.664788+00
28	studio	0002_stream_stream_url_alter_stream_cat	2023-07-11 00:55:32.690338+00
29	studio	0003_remove_stream_stream_url_stream_stream_key	2023-07-11 00:55:32.707367+00
30	studio	0004_alter_stream_autor	2023-07-11 00:55:32.718488+00
31	app_users	0007_users_cat_users_is_online_users_stream_key_and_more	2023-07-14 05:17:12.085028+00
32	app_users	0008_alter_users_stream_key	2023-07-14 06:46:39.648463+00
33	studio	0005_delete_stream	2023-07-14 06:46:39.657559+00
34	app_users	0009_alter_users_stream_key	2023-07-14 06:54:00.530761+00
35	app_users	0010_remove_users_is_online_users_slug	2023-10-18 10:25:23.679098+00
36	studio	0006_initial	2023-10-28 20:37:33.669411+00
37	app_users	0011_remove_users_cat_remove_users_stream_key_and_more	2023-10-28 20:37:33.701453+00
38	app_users	0012_users_studio	2023-10-28 20:37:33.718745+00
39	app_users	0013_alter_users_studio	2023-10-28 20:37:33.739838+00
40	app_users	0014_rename_studio_users_stream	2023-10-28 21:19:30.669228+00
41	app_users	0015_alter_users_stream	2023-10-29 11:53:04.910962+00
42	studio	0007_alter_studio_options	2023-10-31 12:57:36.854542+00
43	app_users	0016_alter_users_stream	2023-10-31 12:57:36.876666+00
\.


--
-- Data for Name: django_session; Type: TABLE DATA; Schema: public; Owner: postgres
--

COPY public.django_session (session_key, session_data, expire_date) FROM stdin;
i0ssfozrtlkxxnzltha63psaqsscq58f	.eJxVjMsOwiAQRf-FtSHDFBBcuu83kGEYpGrapI-V8d-1SRe6veec-1KJtrWlbZE5DUVdVFCn3y0TP2TcQbnTeJs0T-M6D1nvij7oovupyPN6uH8HjZb2rc8Qg4ANzjNVIxA529yhNwUYLAtGsEBofKxO0JBH49CjD9R11TCp9wfI0Db5:1pn8RE:HEhKys-xsZF_9NrmxGbM332nBpQl1y0iUApDZlJ9AsE	2023-04-28 01:41:20.46102+00
1wbggh8kwvstiadv0w944iidgrl55aqf	.eJxVjMsOwiAQRf-FtSHDFBBcuu83kGEYpGrapI-V8d-1SRe6veec-1KJtrWlbZE5DUVdVFCn3y0TP2TcQbnTeJs0T-M6D1nvij7oovupyPN6uH8HjZb2rc8Qg4ANzjNVIxA529yhNwUYLAtGsEBofKxO0JBH49CjD9R11TCp9wfI0Db5:1qJ1fx:4E1EoQ2c2CP0W96lKhtrB-iC8mcK6yPXmlh9ANwck6I	2023-07-25 00:56:21.680969+00
uhk4mh7lqdidk1g2oycag1d1ldlrmva1	.eJxVjEEOwiAUBe_C2pBA4Ysu3XsG8oCPVA0kpV013t026UK3b2beKjyWufil8-THJK5iEKffLSC-uO4gPVEfTcZW52kMclfkQbu8t8Tv2-H-HRT0stWRVD4bdgEEgNkxXZTKVsPSBrJxBDfoDKuNShzJcjYRQbPS1gUtPl8EWDiV:1qJ1jr:fUp1dXmy0NbhzSRXM9Be4yMNEIHJRmtzML9I3JAJsq8	2023-07-25 01:00:23.282438+00
09i4txzjgymvjvzbhnpplhmpwulvt12a	.eJxVjEEOwiAUBe_C2pBA4Ysu3XsG8oCPVA0kpV013t026UK3b2beKjyWufil8-THJK5iEKffLSC-uO4gPVEfTcZW52kMclfkQbu8t8Tv2-H-HRT0stWRVD4bdgEEgNkxXZTKVsPSBrJxBDfoDKuNShzJcjYRQbPS1gUtPl8EWDiV:1qKBEv:63kq_JZm5yJpVdWkPWwCGHqy2-stYfOnkQV2cdhRC6A	2023-07-28 05:21:13.727587+00
zut480wiipmjsf4ktuifs8l99y210eof	.eJxVjMEOwiAQRP-FsyHQAosevfcbyG53K1VDk9KejP-uJD3oHOe9mZdKuG857VXWNLO6KNur029JOD6kNMJ3LLdFj0vZ1pl0U_RBqx4Wluf1cP8OMtbc1gAdemuQjQHqghMU1wNG5gkgnCMZiwG9i4xE5L9h8QJi2PEUrHp_AAzeOI0:1qKCHH:y7CTKn5GRbzTOcWPFPSBn4uZkNvj_tn2ODuhKeWk6Mg	2023-07-28 06:27:43.969989+00
b6t6d2xm7pn1fxes8u4mwk89aj03z697	.eJxVjEEOwiAQRe_C2hBgZgq4dO8ZCFNAqqYkpV0Z765NutDtf-_9lwhxW2vYel7ClMRZGBCn35Hj-MjzTtI9zrcmxzavy8RyV-RBu7y2lJ-Xw_07qLHXb03EDmG0zOgUZm1JKUTQmAdLOhVNChm8Y58dETg_6BhBGW2LSaWAeH8Az6Y2tQ:1qKCrI:0z1PE9sv17A6AewJL-rRn2I0VvwLpceqtokXFbnbEeo	2023-07-28 07:04:56.772037+00
j0iemtyw1kipu86rvhqtg89eieiezb57	.eJxVjEEOwiAQRe_C2hBgZgq4dO8ZCFNAqqYkpV0Z765NutDtf-_9lwhxW2vYel7ClMRZGBCn35Hj-MjzTtI9zrcmxzavy8RyV-RBu7y2lJ-Xw_07qLHXb03EDmG0zOgUZm1JKUTQmAdLOhVNChm8Y58dETg_6BhBGW2LSaWAeH8Az6Y2tQ:1qKD5I:_RCTigk1Fx_8grwANC_GkDv2e29QzjvM8M5jP90dXj8	2023-07-28 07:19:24.143666+00
30eeal1cudqnjr6kmet0otadxuipom1o	.eJxVjEEOwiAQRe_C2hBgZgq4dO8ZCFNAqqYkpV0Z765NutDtf-_9lwhxW2vYel7ClMRZGBCn35Hj-MjzTtI9zrcmxzavy8RyV-RBu7y2lJ-Xw_07qLHXb03EDmG0zOgUZm1JKUTQmAdLOhVNChm8Y58dETg_6BhBGW2LSaWAeH8Az6Y2tQ:1qLFgi:HA1RmjkYW9xnR1qC0uRuMYUMT34JD3hfgBsPVgwFW9I	2023-07-31 04:18:20.681625+00
bbv8s8gn9ajwu68pho0nb09epg0n0zfn	.eJxVjEEOwiAUBe_C2pBA4Ysu3XsG8oCPVA0kpV013t026UK3b2beKjyWufil8-THJK5iEKffLSC-uO4gPVEfTcZW52kMclfkQbu8t8Tv2-H-HRT0stWRVD4bdgEEgNkxXZTKVsPSBrJxBDfoDKuNShzJcjYRQbPS1gUtPl8EWDiV:1qLWdr:8XLXSwzH-MJjfC9BLYeYahBZA258h3K1r5gRZOHkq08	2023-07-31 22:24:31.466337+00
inz1gdg2jl0ifwgptmydb48cjmxkfp5y	.eJxVjDsOwjAQBe_iGllrO_5R0nMGa9cfHEC2FCcV4u4QKQW0b2beiwXc1hq2kZcwJ3ZmcmKn35EwPnLbSbpju3Uee1uXmfiu8IMOfu0pPy-H-3dQcdRvrTBSEp5K0a54cBaTURoA9CRACEoSpJVeFgfaemfB-EiodMnOgFXE3h_1MjcT:1qLWeO:dgeAyq536N17745N-8ts_OuWZd_u5AAzWt4efiYhb-o	2023-07-31 22:25:04.945956+00
784s69oyg99ri6x8w8fm1hy2teb8a2h6	.eJxVjDsOwjAQBe_iGllrO_5R0nMGa9cfHEC2FCcV4u4QKQW0b2beiwXc1hq2kZcwJ3ZmcmKn35EwPnLbSbpju3Uee1uXmfiu8IMOfu0pPy-H-3dQcdRvrTBSEp5K0a54cBaTURoA9CRACEoSpJVeFgfaemfB-EiodMnOgFXE3h_1MjcT:1qLWmd:kK6ikDVOxOySnlzH7rLhLulUQf6PYIxFxKzCO7WNjpc	2023-07-31 22:33:35.352453+00
z0fo480qc3s2huvk99f966lkcwmdzxrx	.eJxVjDsOwjAQBe_iGllrO_5R0nMGa9cfHEC2FCcV4u4QKQW0b2beiwXc1hq2kZcwJ3ZmcmKn35EwPnLbSbpju3Uee1uXmfiu8IMOfu0pPy-H-3dQcdRvrTBSEp5K0a54cBaTURoA9CRACEoSpJVeFgfaemfB-EiodMnOgFXE3h_1MjcT:1qLWnX:GrYRU_14W3T0vPlPQoCnl9Xr_7x4m9oxnBECpzLfC2Y	2023-07-31 22:34:31.80717+00
btqp14kzjge6jp391onpauxj3q19txw2	.eJxVjDsOwjAQBe_iGllrO_5R0nMGa9cfHEC2FCcV4u4QKQW0b2beiwXc1hq2kZcwJ3ZmcmKn35EwPnLbSbpju3Uee1uXmfiu8IMOfu0pPy-H-3dQcdRvrTBSEp5K0a54cBaTURoA9CRACEoSpJVeFgfaemfB-EiodMnOgFXE3h_1MjcT:1qLXJW:mK28LvUkHbXeyG3JzsZzKHRRjDy3h5EeMYORzGCrDbY	2023-07-31 23:07:34.958908+00
7ejqhidysm9c49edjkcegohtjf56cyp6	.eJxVjDsOwjAQBe_iGln-fyjpcwZr7V1wANlSnFSIu0OkFNC-mXkvlmBba9oGLWlGdmbKstPvmKE8qO0E79BunZfe1mXOfFf4QQefOtLzcrh_BxVG_dZChBJVvlqTTXRaEgFGcNFniza6YIKX2lmpspJUPGgbHCoPUoMSBiR7fwDuxDcU:1qLXfE:0ggkLzRfw3O-0dIahqCo_F76JUV0PhmSYrKYAJcUksc	2023-07-31 23:30:00.60547+00
38ye3lvljkb31keztv5jm0n00pkorzek	.eJxVjDsOwjAQBe_iGln-fyjpcwZr7V1wANlSnFSIu0OkFNC-mXkvlmBba9oGLWlGdmbKstPvmKE8qO0E79BunZfe1mXOfFf4QQefOtLzcrh_BxVG_dZChBJVvlqTTXRaEgFGcNFniza6YIKX2lmpspJUPGgbHCoPUoMSBiR7fwDuxDcU:1qLXga:kdFy7v7r8PyZBZfGAaPLAevoNgpXN18sDWzpHtj6qPs	2023-07-31 23:31:24.359802+00
lyylkt9mtu197i3x49uhq4ng24wo2l2m	.eJxVjEEOwiAQRe_C2pBMYSi4dO8ZyDAMUjU0Ke3KeHdt0oVu_3vvv1Skba1x67LEKauzGpw6_Y6J-CFtJ_lO7TZrntu6TEnvij5o19c5y_NyuH8HlXr91mALFjtyRpOJwJIUYQvimb2HAs5ToIRQHAdg9IKj4GAMcQgpIan3By-5OQA:1qRLef:GFx4HPrl9jYVYI8Ls4e2-DLar7nk18MYjT_1Dl3vo_k	2023-08-16 23:53:25.617909+00
y4qi7o9tc5s08o7aqztj8vfpw85grpem	.eJxVjEEOwiAQRe_C2pBMYSi4dO8ZyDAMUjU0Ke3KeHdt0oVu_3vvv1Skba1x67LEKauzGpw6_Y6J-CFtJ_lO7TZrntu6TEnvij5o19c5y_NyuH8HlXr91mALFjtyRpOJwJIUYQvimb2HAs5ToIRQHAdg9IKj4GAMcQgpIan3By-5OQA:1qSSLU:Ao7EH8Ys3ujf094itoYNk4D7wHewYKCwaQFoplm_h7w	2023-08-20 01:14:12.419822+00
yfhn1l59m50i08xteu3of9wbnnwszzt7	.eJxVjEEOwiAUBe_C2pBA4Ysu3XsG8oCPVA0kpV013t026UK3b2beKjyWufil8-THJK5iEKffLSC-uO4gPVEfTcZW52kMclfkQbu8t8Tv2-H-HRT0stWRVD4bdgEEgNkxXZTKVsPSBrJxBDfoDKuNShzJcjYRQbPS1gUtPl8EWDiV:1qT2Sc:zLlXhsU2tonFvmAadmG7sHhvKNDHAqqbhPphWRVfjMY	2023-08-21 15:47:58.647839+00
l6iddfmeevzzezqct1rduuzqxyx27yp7	.eJxVjEEOwiAQAP_C2RAKFBaP3n0DWXZRqgaS0p6MfzckPeh1ZjJvEXHfStx7XuPC4ix0EKdfmJCeuQ7DD6z3JqnVbV2SHIk8bJfXxvl1Odq_QcFexhesSpnBeFCafEbjwN2SDVZPszeaQQVOyiUghTYEJgLSOFl0AWYg8fkC8GA3ig:1qTSLp:zn87M6E3KTzORbUxIcC7hoAkBfsuitbn0DRw8FihDsI	2023-08-22 19:26:41.321182+00
fpv7zetjfm6tiewvp82hl8vp20fbf6kp	.eJxVjEEOwiAUBe_C2pBA4Ysu3XsG8oCPVA0kpV013t026UK3b2beKjyWufil8-THJK5iEKffLSC-uO4gPVEfTcZW52kMclfkQbu8t8Tv2-H-HRT0stWRVD4bdgEEgNkxXZTKVsPSBrJxBDfoDKuNShzJcjYRQbPS1gUtPl8EWDiV:1qt3kZ:_aQFkHjGJt_oTGiuGeIcEzDF0yET4qRbs5Ebh3TzA88	2023-11-17 10:26:03.124764+00
mdbebko1wftxb5fgly6ypeq2acv4rf3b	.eJxVjEEOwiAUBe_C2pBA4Ysu3XsG8oCPVA0kpV013t026UK3b2beKjyWufil8-THJK5iEKffLSC-uO4gPVEfTcZW52kMclfkQbu8t8Tv2-H-HRT0stWRVD4bdgEEgNkxXZTKVsPSBrJxBDfoDKuNShzJcjYRQbPS1gUtPl8EWDiV:1qwq4c:auxnZPWMv1_G1R7O1QysvpeoGtdtjRQNq2oJsFwgPyQ	2023-11-27 20:38:22.50419+00
3xvau5pdqxbevnd2wvlpshkomgs0c6zm	.eJxVjEEOwiAUBe_C2pBA4Ysu3XsG8oCPVA0kpV013t026UK3b2beKjyWufil8-THJK5iEKffLSC-uO4gPVEfTcZW52kMclfkQbu8t8Tv2-H-HRT0stWRVD4bdgEEgNkxXZTKVsPSBrJxBDfoDKuNShzJcjYRQbPS1gUtPl8EWDiV:1qx4Eh:3TRgb5xFe4GWDwHNm3ubNHdWpKcou3gnt9PI_02l-nA	2023-11-28 11:45:43.345966+00
edm4anp8frmq14ybpfovmzyxkchujovp	.eJxVjEEOwiAUBe_C2pBA4Ysu3XsG8oCPVA0kpV013t026UK3b2beKjyWufil8-THJK5iEKffLSC-uO4gPVEfTcZW52kMclfkQbu8t8Tv2-H-HRT0stWRVD4bdgEEgNkxXZTKVsPSBrJxBDfoDKuNShzJcjYRQbPS1gUtPl8EWDiV:1qx4UL:-Cgwq8QE7-n5OS0CFED3ISSLrnbmSuAP8YiZlUDocj0	2023-11-28 12:01:53.853306+00
8ec68yefamgv5n46e2bcrdbjejkq8oh8	.eJxVjEEOwiAUBe_C2pBA4Ysu3XsG8oCPVA0kpV013t026UK3b2beKjyWufil8-THJK5iEKffLSC-uO4gPVEfTcZW52kMclfkQbu8t8Tv2-H-HRT0stWRVD4bdgEEgNkxXZTKVsPSBrJxBDfoDKuNShzJcjYRQbPS1gUtPl8EWDiV:1qxCBU:Iy5Qska_2ufrKs800ken1lO4enOoeSKBF52Q7xipvQk	2023-11-28 20:14:56.379452+00
62svv1qnb4eivscsowopk1zmfj9628m1	.eJxVjEEOwiAUBe_C2pBA4Ysu3XsG8oCPVA0kpV013t026UK3b2beKjyWufil8-THJK5iEKffLSC-uO4gPVEfTcZW52kMclfkQbu8t8Tv2-H-HRT0stWRVD4bdgEEgNkxXZTKVsPSBrJxBDfoDKuNShzJcjYRQbPS1gUtPl8EWDiV:1qxoBW:_yJ6wEWqlBO8OFvlAW7T4yMj1JJpQtLUYjz8fdNVqD0	2023-11-30 12:49:30.071526+00
jhmi7imj7u7050hr4d79tfew5tfi7m5b	.eJxVjEsOwjAMBe-SNYqcOHValuw5Q2UnMSmgVupnhbg7VOoCtm9m3sv0vK2135Yy90M2Z4PenH5H4fQo407yncfbZNM0rvMgdlfsQRd7nXJ5Xg7376DyUr91cJKjUGgdNZKaEFWDkoNIQF0kRvRaOKtPogAMgKVz1AYEiYhazPsD9qY3nA:1r0kMb:BjVjVisUoAYPyZw9cfsIVYLdFI5E0wwO3VZ0-5zjga8	2023-12-08 15:21:05.554354+00
l7br00ri4thb5vj47kkr00md033to6k0	.eJxVjEsOwjAMBe-SNYqcOHValuw5Q2UnMSmgVupnhbg7VOoCtm9m3sv0vK2135Yy90M2Z4PenH5H4fQo407yncfbZNM0rvMgdlfsQRd7nXJ5Xg7376DyUr91cJKjUGgdNZKaEFWDkoNIQF0kRvRaOKtPogAMgKVz1AYEiYhazPsD9qY3nA:1r0khW:iE8BIn29l3ReA79T4wTWDvJkGruWwdofD_fwj6SQEdM	2023-12-08 15:42:42.856997+00
uvln21do56abpgl699g0edrjzbpijw23	.eJxVjDsOwjAQRO_iGln-x0tJnzNY67WNA8iR4qRC3J1ESgHlzHszbxZwW2vYel7ClNiVacMuv2VEeuZ2kPTAdp85zW1dpsgPhZ-083FO-XU73b-Dir3ua4tOGRk1DEWbhBEFkCKdKXrwgFSEKMJatSdnUbkk4wBaFgngChXPPl8G7Dfq:1r13QE:y1ZFKR6pFserqi_1eNfueDoMO7zsuNa1-91S5XyIGqc	2023-12-09 11:42:06.826966+00
adqe9uhuzbs1rn8mk8rlyns0j1abfz7l	.eJxVjDsOwjAQRO_iGln-x0tJnzNY67WNA8iR4qRC3J1ESgHlzHszbxZwW2vYel7ClNiVacMuv2VEeuZ2kPTAdp85zW1dpsgPhZ-083FO-XU73b-Dir3ua4tOGRk1DEWbhBEFkCKdKXrwgFSEKMJatSdnUbkk4wBaFgngChXPPl8G7Dfq:1r1O4Q:VQmL8l7yDpqAYZzSnwNFujNiLK5pIQb3GB64PN7rB20	2023-12-10 09:44:58.013762+00
spil63m37az6orycr1roilx9ugk40vpe	.eJxVjDsOwjAQRO_iGln-x0tJnzNY67WNA8iR4qRC3J1ESgHlzHszbxZwW2vYel7ClNiVacMuv2VEeuZ2kPTAdp85zW1dpsgPhZ-083FO-XU73b-Dir3ua4tOGRk1DEWbhBEFkCKdKXrwgFSEKMJatSdnUbkk4wBaFgngChXPPl8G7Dfq:1r1RKA:auxyUfHudQb9HlMrTmUdHbUTzek6p-BygAxDKogMFxA	2023-12-10 13:13:26.928182+00
04hk43m1y5ujxrjc1zwylst0h99vaead	.eJxVjDsOwjAQRO_iGln-x0tJnzNY67WNA8iR4qRC3J1ESgHlzHszbxZwW2vYel7ClNiVacMuv2VEeuZ2kPTAdp85zW1dpsgPhZ-083FO-XU73b-Dir3ua4tOGRk1DEWbhBEFkCKdKXrwgFSEKMJatSdnUbkk4wBaFgngChXPPl8G7Dfq:1r1nOy:DD7ZoT52RBHbWtg1f5LKvQDdqPeqDXBWyL0ddf3mtyo	2023-12-11 12:47:52.420932+00
yaqbgljdimzdxz8wqf7e2kec2yrozo2b	.eJxVjEsOwjAMBe-SNYqcOHValuw5Q2UnMSmgVupnhbg7VOoCtm9m3sv0vK2135Yy90M2Z4PenH5H4fQo407yncfbZNM0rvMgdlfsQRd7nXJ5Xg7376DyUr91cJKjUGgdNZKaEFWDkoNIQF0kRvRaOKtPogAMgKVz1AYEiYhazPsD9qY3nA:1r2PBQ:Rqvrg0PMLOvfEJIlY-dQ0LJt4J3sUAm4huHT9a-MEvI	2023-12-13 05:08:24.442567+00
qlwpxhzomqnpb0xykelm65xsoiwulopo	.eJxVjDsOwjAQRO_iGln-x0tJnzNY67WNA8iR4qRC3J1ESgHlzHszbxZwW2vYel7ClNiVacMuv2VEeuZ2kPTAdp85zW1dpsgPhZ-083FO-XU73b-Dir3ua4tOGRk1DEWbhBEFkCKdKXrwgFSEKMJatSdnUbkk4wBaFgngChXPPl8G7Dfq:1r2PBZ:SQWiJa7yaNSzOAKhALu9JvlIH0nm2EFSGRJXuF6dezE	2023-12-13 05:08:33.123795+00
\.


--
-- Data for Name: menu_categories; Type: TABLE DATA; Schema: public; Owner: postgres
--

COPY public.menu_categories (id, name, slug, img) FROM stdin;
1	Игры	games	svg/game_FdlW37J.png
2	Общение	obshenie	svg/chat_lz4rOYG.png
3	Кино	films	svg/film_70tK7j8.png
\.


--
-- Data for Name: menu_menu; Type: TABLE DATA; Schema: public; Owner: postgres
--

COPY public.menu_menu (id, name, url) FROM stdin;
4	Категории	/categories
5	Блог	/blog
6	О нас	/about
\.


--
-- Data for Name: studio_studio; Type: TABLE DATA; Schema: public; Owner: postgres
--

COPY public.studio_studio (id, stream_name, stream_key, cat_id) FROM stdin;
3	Трансляция test2	test2?policy=eyJ1cmxfZXhwaXJlIjogMTcwMjAzMzI0ODIxNH0&signature=--IiSrCxTV1hp50yOLkhDTmUL6A	1
4	Трансляция test2 Трансляция test2 Трансляция test2 Трансляция test2 Трансляция test2 Трансляция test2 Трансляция test2 Трансляция test2 Трансляция test2 Трансляция test2	test2?policy=eyJ1cmxfZXhwaXJlIjogMTcwMjAzMzQzMTI2MH0&signature=KuN7A-8URTiq8-iMEKFx4hzEbyE	3
2	Всем привет это моя трансляция!!!	test1?policy=eyJ1cmxfZXhwaXJlIjogMTcwMTE3NDEyMDA2MH0&signature=MvGWg3IMhIHcyDVbaZ2Akt2XRXY	2
\.


--
-- Name: app_users_users_groups_id_seq; Type: SEQUENCE SET; Schema: public; Owner: postgres
--

SELECT pg_catalog.setval('public.app_users_users_groups_id_seq', 1, false);


--
-- Name: app_users_users_id_seq; Type: SEQUENCE SET; Schema: public; Owner: postgres
--

SELECT pg_catalog.setval('public.app_users_users_id_seq', 34, true);


--
-- Name: app_users_users_user_permissions_id_seq; Type: SEQUENCE SET; Schema: public; Owner: postgres
--

SELECT pg_catalog.setval('public.app_users_users_user_permissions_id_seq', 1, false);


--
-- Name: auth_group_id_seq; Type: SEQUENCE SET; Schema: public; Owner: postgres
--

SELECT pg_catalog.setval('public.auth_group_id_seq', 1, false);


--
-- Name: auth_group_permissions_id_seq; Type: SEQUENCE SET; Schema: public; Owner: postgres
--

SELECT pg_catalog.setval('public.auth_group_permissions_id_seq', 1, false);


--
-- Name: auth_permission_id_seq; Type: SEQUENCE SET; Schema: public; Owner: postgres
--

SELECT pg_catalog.setval('public.auth_permission_id_seq', 44, true);


--
-- Name: blog_blogs_id_seq; Type: SEQUENCE SET; Schema: public; Owner: postgres
--

SELECT pg_catalog.setval('public.blog_blogs_id_seq', 1, false);


--
-- Name: django_admin_log_id_seq; Type: SEQUENCE SET; Schema: public; Owner: postgres
--

SELECT pg_catalog.setval('public.django_admin_log_id_seq', 46, true);


--
-- Name: django_content_type_id_seq; Type: SEQUENCE SET; Schema: public; Owner: postgres
--

SELECT pg_catalog.setval('public.django_content_type_id_seq', 11, true);


--
-- Name: django_migrations_id_seq; Type: SEQUENCE SET; Schema: public; Owner: postgres
--

SELECT pg_catalog.setval('public.django_migrations_id_seq', 43, true);


--
-- Name: menu_categories_id_seq; Type: SEQUENCE SET; Schema: public; Owner: postgres
--

SELECT pg_catalog.setval('public.menu_categories_id_seq', 3, true);


--
-- Name: menu_menu_id_seq; Type: SEQUENCE SET; Schema: public; Owner: postgres
--

SELECT pg_catalog.setval('public.menu_menu_id_seq', 6, true);


--
-- Name: studio_studio_id_seq; Type: SEQUENCE SET; Schema: public; Owner: postgres
--

SELECT pg_catalog.setval('public.studio_studio_id_seq', 4, true);


--
-- Name: app_users_users app_users_users_email_5430693c_uniq; Type: CONSTRAINT; Schema: public; Owner: postgres
--

ALTER TABLE ONLY public.app_users_users
    ADD CONSTRAINT app_users_users_email_5430693c_uniq UNIQUE (email);


--
-- Name: app_users_users_groups app_users_users_groups_pkey; Type: CONSTRAINT; Schema: public; Owner: postgres
--

ALTER TABLE ONLY public.app_users_users_groups
    ADD CONSTRAINT app_users_users_groups_pkey PRIMARY KEY (id);


--
-- Name: app_users_users_groups app_users_users_groups_users_id_group_id_7ef52e76_uniq; Type: CONSTRAINT; Schema: public; Owner: postgres
--

ALTER TABLE ONLY public.app_users_users_groups
    ADD CONSTRAINT app_users_users_groups_users_id_group_id_7ef52e76_uniq UNIQUE (users_id, group_id);


--
-- Name: app_users_users app_users_users_pkey; Type: CONSTRAINT; Schema: public; Owner: postgres
--

ALTER TABLE ONLY public.app_users_users
    ADD CONSTRAINT app_users_users_pkey PRIMARY KEY (id);


--
-- Name: app_users_users app_users_users_slug_key; Type: CONSTRAINT; Schema: public; Owner: postgres
--

ALTER TABLE ONLY public.app_users_users
    ADD CONSTRAINT app_users_users_slug_key UNIQUE (slug);


--
-- Name: app_users_users app_users_users_studio_id_cc8cf701_uniq; Type: CONSTRAINT; Schema: public; Owner: postgres
--

ALTER TABLE ONLY public.app_users_users
    ADD CONSTRAINT app_users_users_studio_id_cc8cf701_uniq UNIQUE (stream_id);


--
-- Name: app_users_users_user_permissions app_users_users_user_per_users_id_permission_id_2806a31c_uniq; Type: CONSTRAINT; Schema: public; Owner: postgres
--

ALTER TABLE ONLY public.app_users_users_user_permissions
    ADD CONSTRAINT app_users_users_user_per_users_id_permission_id_2806a31c_uniq UNIQUE (users_id, permission_id);


--
-- Name: app_users_users_user_permissions app_users_users_user_permissions_pkey; Type: CONSTRAINT; Schema: public; Owner: postgres
--

ALTER TABLE ONLY public.app_users_users_user_permissions
    ADD CONSTRAINT app_users_users_user_permissions_pkey PRIMARY KEY (id);


--
-- Name: app_users_users app_users_users_username_key; Type: CONSTRAINT; Schema: public; Owner: postgres
--

ALTER TABLE ONLY public.app_users_users
    ADD CONSTRAINT app_users_users_username_key UNIQUE (username);


--
-- Name: auth_group auth_group_name_key; Type: CONSTRAINT; Schema: public; Owner: postgres
--

ALTER TABLE ONLY public.auth_group
    ADD CONSTRAINT auth_group_name_key UNIQUE (name);


--
-- Name: auth_group_permissions auth_group_permissions_group_id_permission_id_0cd325b0_uniq; Type: CONSTRAINT; Schema: public; Owner: postgres
--

ALTER TABLE ONLY public.auth_group_permissions
    ADD CONSTRAINT auth_group_permissions_group_id_permission_id_0cd325b0_uniq UNIQUE (group_id, permission_id);


--
-- Name: auth_group_permissions auth_group_permissions_pkey; Type: CONSTRAINT; Schema: public; Owner: postgres
--

ALTER TABLE ONLY public.auth_group_permissions
    ADD CONSTRAINT auth_group_permissions_pkey PRIMARY KEY (id);


--
-- Name: auth_group auth_group_pkey; Type: CONSTRAINT; Schema: public; Owner: postgres
--

ALTER TABLE ONLY public.auth_group
    ADD CONSTRAINT auth_group_pkey PRIMARY KEY (id);


--
-- Name: auth_permission auth_permission_content_type_id_codename_01ab375a_uniq; Type: CONSTRAINT; Schema: public; Owner: postgres
--

ALTER TABLE ONLY public.auth_permission
    ADD CONSTRAINT auth_permission_content_type_id_codename_01ab375a_uniq UNIQUE (content_type_id, codename);


--
-- Name: auth_permission auth_permission_pkey; Type: CONSTRAINT; Schema: public; Owner: postgres
--

ALTER TABLE ONLY public.auth_permission
    ADD CONSTRAINT auth_permission_pkey PRIMARY KEY (id);


--
-- Name: blog_blogs blog_blogs_pkey; Type: CONSTRAINT; Schema: public; Owner: postgres
--

ALTER TABLE ONLY public.blog_blogs
    ADD CONSTRAINT blog_blogs_pkey PRIMARY KEY (id);


--
-- Name: django_admin_log django_admin_log_pkey; Type: CONSTRAINT; Schema: public; Owner: postgres
--

ALTER TABLE ONLY public.django_admin_log
    ADD CONSTRAINT django_admin_log_pkey PRIMARY KEY (id);


--
-- Name: django_content_type django_content_type_app_label_model_76bd3d3b_uniq; Type: CONSTRAINT; Schema: public; Owner: postgres
--

ALTER TABLE ONLY public.django_content_type
    ADD CONSTRAINT django_content_type_app_label_model_76bd3d3b_uniq UNIQUE (app_label, model);


--
-- Name: django_content_type django_content_type_pkey; Type: CONSTRAINT; Schema: public; Owner: postgres
--

ALTER TABLE ONLY public.django_content_type
    ADD CONSTRAINT django_content_type_pkey PRIMARY KEY (id);


--
-- Name: django_migrations django_migrations_pkey; Type: CONSTRAINT; Schema: public; Owner: postgres
--

ALTER TABLE ONLY public.django_migrations
    ADD CONSTRAINT django_migrations_pkey PRIMARY KEY (id);


--
-- Name: django_session django_session_pkey; Type: CONSTRAINT; Schema: public; Owner: postgres
--

ALTER TABLE ONLY public.django_session
    ADD CONSTRAINT django_session_pkey PRIMARY KEY (session_key);


--
-- Name: menu_categories menu_categories_pkey; Type: CONSTRAINT; Schema: public; Owner: postgres
--

ALTER TABLE ONLY public.menu_categories
    ADD CONSTRAINT menu_categories_pkey PRIMARY KEY (id);


--
-- Name: menu_categories menu_categories_slug_key; Type: CONSTRAINT; Schema: public; Owner: postgres
--

ALTER TABLE ONLY public.menu_categories
    ADD CONSTRAINT menu_categories_slug_key UNIQUE (slug);


--
-- Name: menu_menu menu_menu_pkey; Type: CONSTRAINT; Schema: public; Owner: postgres
--

ALTER TABLE ONLY public.menu_menu
    ADD CONSTRAINT menu_menu_pkey PRIMARY KEY (id);


--
-- Name: studio_studio studio_studio_pkey; Type: CONSTRAINT; Schema: public; Owner: postgres
--

ALTER TABLE ONLY public.studio_studio
    ADD CONSTRAINT studio_studio_pkey PRIMARY KEY (id);


--
-- Name: app_users_users_email_5430693c_like; Type: INDEX; Schema: public; Owner: postgres
--

CREATE INDEX app_users_users_email_5430693c_like ON public.app_users_users USING btree (email varchar_pattern_ops);


--
-- Name: app_users_users_groups_group_id_17e7c8ff; Type: INDEX; Schema: public; Owner: postgres
--

CREATE INDEX app_users_users_groups_group_id_17e7c8ff ON public.app_users_users_groups USING btree (group_id);


--
-- Name: app_users_users_groups_users_id_758074bf; Type: INDEX; Schema: public; Owner: postgres
--

CREATE INDEX app_users_users_groups_users_id_758074bf ON public.app_users_users_groups USING btree (users_id);


--
-- Name: app_users_users_slug_bcd94fb7_like; Type: INDEX; Schema: public; Owner: postgres
--

CREATE INDEX app_users_users_slug_bcd94fb7_like ON public.app_users_users USING btree (slug varchar_pattern_ops);


--
-- Name: app_users_users_user_permissions_permission_id_dc90ebc6; Type: INDEX; Schema: public; Owner: postgres
--

CREATE INDEX app_users_users_user_permissions_permission_id_dc90ebc6 ON public.app_users_users_user_permissions USING btree (permission_id);


--
-- Name: app_users_users_user_permissions_users_id_7adcc6f1; Type: INDEX; Schema: public; Owner: postgres
--

CREATE INDEX app_users_users_user_permissions_users_id_7adcc6f1 ON public.app_users_users_user_permissions USING btree (users_id);


--
-- Name: app_users_users_username_25e30f6d_like; Type: INDEX; Schema: public; Owner: postgres
--

CREATE INDEX app_users_users_username_25e30f6d_like ON public.app_users_users USING btree (username varchar_pattern_ops);


--
-- Name: auth_group_name_a6ea08ec_like; Type: INDEX; Schema: public; Owner: postgres
--

CREATE INDEX auth_group_name_a6ea08ec_like ON public.auth_group USING btree (name varchar_pattern_ops);


--
-- Name: auth_group_permissions_group_id_b120cbf9; Type: INDEX; Schema: public; Owner: postgres
--

CREATE INDEX auth_group_permissions_group_id_b120cbf9 ON public.auth_group_permissions USING btree (group_id);


--
-- Name: auth_group_permissions_permission_id_84c5c92e; Type: INDEX; Schema: public; Owner: postgres
--

CREATE INDEX auth_group_permissions_permission_id_84c5c92e ON public.auth_group_permissions USING btree (permission_id);


--
-- Name: auth_permission_content_type_id_2f476e4b; Type: INDEX; Schema: public; Owner: postgres
--

CREATE INDEX auth_permission_content_type_id_2f476e4b ON public.auth_permission USING btree (content_type_id);


--
-- Name: django_admin_log_content_type_id_c4bce8eb; Type: INDEX; Schema: public; Owner: postgres
--

CREATE INDEX django_admin_log_content_type_id_c4bce8eb ON public.django_admin_log USING btree (content_type_id);


--
-- Name: django_admin_log_user_id_c564eba6; Type: INDEX; Schema: public; Owner: postgres
--

CREATE INDEX django_admin_log_user_id_c564eba6 ON public.django_admin_log USING btree (user_id);


--
-- Name: django_session_expire_date_a5c62663; Type: INDEX; Schema: public; Owner: postgres
--

CREATE INDEX django_session_expire_date_a5c62663 ON public.django_session USING btree (expire_date);


--
-- Name: django_session_session_key_c0390e0f_like; Type: INDEX; Schema: public; Owner: postgres
--

CREATE INDEX django_session_session_key_c0390e0f_like ON public.django_session USING btree (session_key varchar_pattern_ops);


--
-- Name: menu_categories_name_4d6e23f6; Type: INDEX; Schema: public; Owner: postgres
--

CREATE INDEX menu_categories_name_4d6e23f6 ON public.menu_categories USING btree (name);


--
-- Name: menu_categories_name_4d6e23f6_like; Type: INDEX; Schema: public; Owner: postgres
--

CREATE INDEX menu_categories_name_4d6e23f6_like ON public.menu_categories USING btree (name varchar_pattern_ops);


--
-- Name: menu_categories_slug_716dd0d1_like; Type: INDEX; Schema: public; Owner: postgres
--

CREATE INDEX menu_categories_slug_716dd0d1_like ON public.menu_categories USING btree (slug varchar_pattern_ops);


--
-- Name: studio_studio_cat_id_7801c522; Type: INDEX; Schema: public; Owner: postgres
--

CREATE INDEX studio_studio_cat_id_7801c522 ON public.studio_studio USING btree (cat_id);


--
-- Name: app_users_users_groups app_users_users_groups_group_id_17e7c8ff_fk_auth_group_id; Type: FK CONSTRAINT; Schema: public; Owner: postgres
--

ALTER TABLE ONLY public.app_users_users_groups
    ADD CONSTRAINT app_users_users_groups_group_id_17e7c8ff_fk_auth_group_id FOREIGN KEY (group_id) REFERENCES public.auth_group(id) DEFERRABLE INITIALLY DEFERRED;


--
-- Name: app_users_users_groups app_users_users_groups_users_id_758074bf_fk_app_users_users_id; Type: FK CONSTRAINT; Schema: public; Owner: postgres
--

ALTER TABLE ONLY public.app_users_users_groups
    ADD CONSTRAINT app_users_users_groups_users_id_758074bf_fk_app_users_users_id FOREIGN KEY (users_id) REFERENCES public.app_users_users(id) DEFERRABLE INITIALLY DEFERRED;


--
-- Name: app_users_users app_users_users_stream_id_1357a8ad_fk_studio_studio_id; Type: FK CONSTRAINT; Schema: public; Owner: postgres
--

ALTER TABLE ONLY public.app_users_users
    ADD CONSTRAINT app_users_users_stream_id_1357a8ad_fk_studio_studio_id FOREIGN KEY (stream_id) REFERENCES public.studio_studio(id) DEFERRABLE INITIALLY DEFERRED;


--
-- Name: app_users_users_user_permissions app_users_users_user_permission_id_dc90ebc6_fk_auth_perm; Type: FK CONSTRAINT; Schema: public; Owner: postgres
--

ALTER TABLE ONLY public.app_users_users_user_permissions
    ADD CONSTRAINT app_users_users_user_permission_id_dc90ebc6_fk_auth_perm FOREIGN KEY (permission_id) REFERENCES public.auth_permission(id) DEFERRABLE INITIALLY DEFERRED;


--
-- Name: app_users_users_user_permissions app_users_users_user_users_id_7adcc6f1_fk_app_users; Type: FK CONSTRAINT; Schema: public; Owner: postgres
--

ALTER TABLE ONLY public.app_users_users_user_permissions
    ADD CONSTRAINT app_users_users_user_users_id_7adcc6f1_fk_app_users FOREIGN KEY (users_id) REFERENCES public.app_users_users(id) DEFERRABLE INITIALLY DEFERRED;


--
-- Name: auth_group_permissions auth_group_permissio_permission_id_84c5c92e_fk_auth_perm; Type: FK CONSTRAINT; Schema: public; Owner: postgres
--

ALTER TABLE ONLY public.auth_group_permissions
    ADD CONSTRAINT auth_group_permissio_permission_id_84c5c92e_fk_auth_perm FOREIGN KEY (permission_id) REFERENCES public.auth_permission(id) DEFERRABLE INITIALLY DEFERRED;


--
-- Name: auth_group_permissions auth_group_permissions_group_id_b120cbf9_fk_auth_group_id; Type: FK CONSTRAINT; Schema: public; Owner: postgres
--

ALTER TABLE ONLY public.auth_group_permissions
    ADD CONSTRAINT auth_group_permissions_group_id_b120cbf9_fk_auth_group_id FOREIGN KEY (group_id) REFERENCES public.auth_group(id) DEFERRABLE INITIALLY DEFERRED;


--
-- Name: auth_permission auth_permission_content_type_id_2f476e4b_fk_django_co; Type: FK CONSTRAINT; Schema: public; Owner: postgres
--

ALTER TABLE ONLY public.auth_permission
    ADD CONSTRAINT auth_permission_content_type_id_2f476e4b_fk_django_co FOREIGN KEY (content_type_id) REFERENCES public.django_content_type(id) DEFERRABLE INITIALLY DEFERRED;


--
-- Name: django_admin_log django_admin_log_content_type_id_c4bce8eb_fk_django_co; Type: FK CONSTRAINT; Schema: public; Owner: postgres
--

ALTER TABLE ONLY public.django_admin_log
    ADD CONSTRAINT django_admin_log_content_type_id_c4bce8eb_fk_django_co FOREIGN KEY (content_type_id) REFERENCES public.django_content_type(id) DEFERRABLE INITIALLY DEFERRED;


--
-- Name: django_admin_log django_admin_log_user_id_c564eba6_fk_app_users_users_id; Type: FK CONSTRAINT; Schema: public; Owner: postgres
--

ALTER TABLE ONLY public.django_admin_log
    ADD CONSTRAINT django_admin_log_user_id_c564eba6_fk_app_users_users_id FOREIGN KEY (user_id) REFERENCES public.app_users_users(id) DEFERRABLE INITIALLY DEFERRED;


--
-- Name: studio_studio studio_studio_cat_id_7801c522_fk_menu_categories_id; Type: FK CONSTRAINT; Schema: public; Owner: postgres
--

ALTER TABLE ONLY public.studio_studio
    ADD CONSTRAINT studio_studio_cat_id_7801c522_fk_menu_categories_id FOREIGN KEY (cat_id) REFERENCES public.menu_categories(id) DEFERRABLE INITIALLY DEFERRED;


--
-- PostgreSQL database dump complete
--

--
-- PostgreSQL database cluster dump complete
--

